top_word,count,label,confidence
전국,17,neutral,"{'negative': 0.10351046, 'positive': 7.1608624, 'neutral': 92.73563}"
신문,4,neutral,"{'negative': 0.019764842, 'positive': 0.018615045, 'neutral': 99.96162}"
신문,4,neutral,"{'negative': 0.019297926, 'positive': 0.018831592, 'neutral': 99.96187}"
신문,4,neutral,"{'negative': 0.019655075, 'positive': 0.018880121, 'neutral': 99.961464}"
제주,143,positive,"{'negative': 0.018455245, 'positive': 99.93152, 'neutral': 0.050024834}"
제주,143,neutral,"{'negative': 0.14137526, 'positive': 0.044892438, 'neutral': 99.813736}"
제주,143,neutral,"{'negative': 0.26575443, 'positive': 18.07486, 'neutral': 81.659386}"
광주,3,positive,"{'negative': 0.024776312, 'positive': 84.92517, 'neutral': 15.050056}"
요구,2,neutral,"{'negative': 0.12634115, 'positive': 0.14289905, 'neutral': 99.73076}"
미국,1,negative,"{'negative': 74.96424, 'positive': 0.025858501, 'neutral': 25.009897}"
결과,1,neutral,"{'negative': 0.2208651, 'positive': 0.0229545, 'neutral': 99.75618}"
제주도,63,neutral,"{'negative': 0.33815134, 'positive': 0.027033279, 'neutral': 99.63482}"
제주도,63,neutral,"{'negative': 0.14813888, 'positive': 0.9813478, 'neutral': 98.870514}"
도시,10,neutral,"{'negative': 0.14545597, 'positive': 2.8823571, 'neutral': 96.97218}"
완성,1,neutral,"{'negative': 1.2039825, 'positive': 6.2794003, 'neutral': 92.51662}"
대비,2,positive,"{'negative': 0.023143128, 'positive': 99.91707, 'neutral': 0.059786174}"
기대,2,positive,"{'negative': 0.018307995, 'positive': 99.96983, 'neutral': 0.011858565}"
신입,1,neutral,"{'negative': 4.600722, 'positive': 0.25570792, 'neutral': 95.14357}"
총력,2,neutral,"{'negative': 0.50215393, 'positive': 26.132124, 'neutral': 73.36572}"
견학,1,neutral,"{'negative': 0.036569018, 'positive': 0.01989226, 'neutral': 99.94354}"
이유,7,neutral,"{'negative': 0.011090345, 'positive': 0.013981577, 'neutral': 99.97493}"
이유,7,negative,"{'negative': 99.95547, 'positive': 0.011956604, 'neutral': 0.03257981}"
국비,2,neutral,"{'negative': 0.04661774, 'positive': 0.072334744, 'neutral': 99.88105}"
풍력,25,positive,"{'negative': 0.024717808, 'positive': 74.972946, 'neutral': 25.002337}"
관광지,1,neutral,"{'negative': 0.07992584, 'positive': 1.4674015, 'neutral': 98.452675}"
과제,2,neutral,"{'negative': 0.1255932, 'positive': 0.04402085, 'neutral': 99.83038}"
중립,16,neutral,"{'negative': 0.04432936, 'positive': 0.15670682, 'neutral': 99.798965}"
선포,1,neutral,"{'negative': 0.084222265, 'positive': 0.2249924, 'neutral': 99.69079}"
개막,3,neutral,"{'negative': 0.022797266, 'positive': 0.039549537, 'neutral': 99.93765}"
친환경,7,neutral,"{'negative': 0.031320486, 'positive': 0.07730501, 'neutral': 99.89137}"
덴마크,5,neutral,"{'negative': 0.033260006, 'positive': 0.042526, 'neutral': 99.92422}"
발전,13,neutral,"{'negative': 0.07445177, 'positive': 0.10760815, 'neutral': 99.81794}"
기록,2,neutral,"{'negative': 0.1031604, 'positive': 0.12090626, 'neutral': 99.77593}"
권한,1,negative,"{'negative': 99.97756, 'positive': 0.0053728065, 'neutral': 0.017065782}"
르포,8,neutral,"{'negative': 0.033190843, 'positive': 0.2241292, 'neutral': 99.74268}"
변모,1,neutral,"{'negative': 0.029827364, 'positive': 0.11091326, 'neutral': 99.85926}"
인사,2,neutral,"{'negative': 0.03190933, 'positive': 0.020718303, 'neutral': 99.94737}"
한국,11,neutral,"{'negative': 0.039956424, 'positive': 0.0751236, 'neutral': 99.88492}"
녹색,8,neutral,"{'negative': 0.03361522, 'positive': 0.14877148, 'neutral': 99.81761}"
컨퍼런스,1,neutral,"{'negative': 0.0380469, 'positive': 0.1962296, 'neutral': 99.765724}"
서나,1,neutral,"{'negative': 0.017943589, 'positive': 0.07825875, 'neutral': 99.9038}"
운행,3,neutral,"{'negative': 0.029291699, 'positive': 0.047181692, 'neutral': 99.92352}"
강화,10,neutral,"{'negative': 0.15174864, 'positive': 0.78693014, 'neutral': 99.06132}"
현장,6,neutral,"{'negative': 0.02256225, 'positive': 0.043009814, 'neutral': 99.934425}"
배관,4,neutral,"{'negative': 0.028990949, 'positive': 0.022978192, 'neutral': 99.94803}"
가스,3,positive,"{'negative': 0.043749597, 'positive': 99.86756, 'neutral': 0.08869261}"
거래,4,neutral,"{'negative': 0.019307313, 'positive': 0.041693777, 'neutral': 99.938995}"
금제,1,neutral,"{'negative': 0.096856825, 'positive': 0.0729897, 'neutral': 99.830154}"
내년,5,neutral,"{'negative': 0.057279892, 'positive': 0.5522469, 'neutral': 99.39047}"
최적,1,neutral,"{'negative': 0.21889932, 'positive': 1.7089894, 'neutral': 98.07211}"
우주,4,neutral,"{'negative': 0.04725998, 'positive': 0.04994101, 'neutral': 99.9028}"
차별,2,neutral,"{'negative': 0.16206123, 'positive': 3.2085397, 'neutral': 96.6294}"
남녀,1,positive,"{'negative': 0.016225979, 'positive': 99.70558, 'neutral': 0.2781906}"
직류,4,neutral,"{'negative': 0.08149544, 'positive': 1.0311873, 'neutral': 98.887314}"
배전,3,positive,"{'negative': 0.04698178, 'positive': 85.83975, 'neutral': 14.113263}"
배전,3,positive,"{'negative': 0.041865695, 'positive': 85.67186, 'neutral': 14.286275}"
바이오,4,neutral,"{'negative': 0.13436279, 'positive': 0.40646467, 'neutral': 99.459175}"
양성,4,neutral,"{'negative': 0.10156425, 'positive': 5.0204434, 'neutral': 94.87799}"
의미,4,neutral,"{'negative': 0.025596607, 'positive': 0.049691066, 'neutral': 99.92471}"
김소희,1,negative,"{'negative': 85.66171, 'positive': 0.023250008, 'neutral': 14.315041}"
대표,3,neutral,"{'negative': 0.06925118, 'positive': 0.03652083, 'neutral': 99.894226}"
아랍권,1,neutral,"{'negative': 0.062136516, 'positive': 0.5563097, 'neutral': 99.38155}"
조사,1,neutral,"{'negative': 0.08309321, 'positive': 0.62972397, 'neutral': 99.287186}"
위해,6,neutral,"{'negative': 0.07632315, 'positive': 0.75970185, 'neutral': 99.16398}"
정치,5,negative,"{'negative': 74.980896, 'positive': 0.008704882, 'neutral': 25.010399}"
보호,5,neutral,"{'negative': 0.22611684, 'positive': 3.2067382, 'neutral': 96.56715}"
방문,1,neutral,"{'negative': 0.07137624, 'positive': 0.024006356, 'neutral': 99.90462}"
레이스,2,positive,"{'negative': 0.007209876, 'positive': 85.712204, 'neutral': 14.280582}"
레이스,2,neutral,"{'negative': 0.018163238, 'positive': 0.0873857, 'neutral': 99.89445}"
제주시,5,negative,"{'negative': 99.85701, 'positive': 0.004721629, 'neutral': 0.1382701}"
선거구,2,neutral,"{'negative': 0.1511443, 'positive': 0.016227707, 'neutral': 99.83263}"
공항,3,neutral,"{'negative': 0.099834464, 'positive': 0.050561152, 'neutral': 99.8496}"
해법,2,neutral,"{'negative': 0.03378435, 'positive': 0.047223438, 'neutral': 99.91899}"
바람,9,neutral,"{'negative': 0.051408194, 'positive': 0.034536894, 'neutral': 99.914055}"
당한,1,neutral,"{'negative': 0.3143109, 'positive': 0.019024298, 'neutral': 99.666664}"
재생에너지,9,neutral,"{'negative': 0.07966965, 'positive': 6.769562, 'neutral': 93.15077}"
폐업,2,negative,"{'negative': 99.96503, 'positive': 0.009452357, 'neutral': 0.025522178}"
사고,1,positive,"{'negative': 0.04443883, 'positive': 99.87627, 'neutral': 0.07929532}"
민주,3,neutral,"{'negative': 0.06018687, 'positive': 0.04973087, 'neutral': 99.89008}"
기구,1,neutral,"{'negative': 0.03851259, 'positive': 0.02048342, 'neutral': 99.941}"
참가,2,neutral,"{'negative': 0.032647945, 'positive': 0.03523647, 'neutral': 99.93211}"
현대,5,neutral,"{'negative': 0.034214325, 'positive': 0.02347134, 'neutral': 99.942314}"
글로비스,6,neutral,"{'negative': 0.047645703, 'positive': 0.06312692, 'neutral': 99.88923}"
약속,2,neutral,"{'negative': 0.03965767, 'positive': 0.076090135, 'neutral': 99.884254}"
체계,3,positive,"{'negative': 0.05077299, 'positive': 78.982185, 'neutral': 20.967043}"
계획,7,neutral,"{'negative': 0.070707135, 'positive': 0.17453034, 'neutral': 99.75476}"
아래,1,neutral,"{'negative': 0.022315284, 'positive': 0.5310664, 'neutral': 99.44662}"
하루,2,positive,"{'negative': 0.025651647, 'positive': 82.53632, 'neutral': 17.43802}"
관리,4,neutral,"{'negative': 0.044698898, 'positive': 0.05645576, 'neutral': 99.89884}"
부상,1,positive,"{'negative': 0.036433663, 'positive': 99.95531, 'neutral': 0.0082584135}"
노트북,1,neutral,"{'negative': 0.16993372, 'positive': 0.05607433, 'neutral': 99.773994}"
어나더,3,positive,"{'negative': 0.02824448, 'positive': 99.88501, 'neutral': 0.08674255}"
그룹,2,positive,"{'negative': 0.030148415, 'positive': 99.953064, 'neutral': 0.016788915}"
해발,1,neutral,"{'negative': 0.12629747, 'positive': 0.30668682, 'neutral': 99.56702}"
무죄,1,positive,"{'negative': 0.031456072, 'positive': 85.06344, 'neutral': 14.905107}"
박차,1,neutral,"{'negative': 0.04766127, 'positive': 0.4311925, 'neutral': 99.52115}"
선발,1,neutral,"{'negative': 0.037090752, 'positive': 0.019611306, 'neutral': 99.9433}"
리더,2,positive,"{'negative': 0.012433294, 'positive': 99.87816, 'neutral': 0.10940595}"
영향,3,negative,"{'negative': 99.97077, 'positive': 0.01260667, 'neutral': 0.01662416}"
단층,1,neutral,"{'negative': 0.26068074, 'positive': 0.036630288, 'neutral': 99.70269}"
달라,2,neutral,"{'negative': 0.1304254, 'positive': 0.387687, 'neutral': 99.48189}"
과잉,1,negative,"{'negative': 99.65916, 'positive': 0.008177842, 'neutral': 0.33266163}"
생산,7,negative,"{'negative': 99.98023, 'positive': 0.008217256, 'neutral': 0.011551203}"
제어,3,neutral,"{'negative': 0.12827726, 'positive': 0.035438463, 'neutral': 99.83628}"
기온,1,neutral,"{'negative': 0.32066137, 'positive': 3.5133448, 'neutral': 96.16599}"
공직자,1,neutral,"{'negative': 0.06863956, 'positive': 5.2134533, 'neutral': 94.71791}"
계열,1,neutral,"{'negative': 0.1278091, 'positive': 0.06653681, 'neutral': 99.80566}"
중산,6,negative,"{'negative': 85.698074, 'positive': 0.025013212, 'neutral': 14.276912}"
중산,6,negative,"{'negative': 85.71466, 'positive': 0.2672773, 'neutral': 14.0180645}"
당선,2,neutral,"{'negative': 0.04913568, 'positive': 0.057098653, 'neutral': 99.89377}"
다짐,1,neutral,"{'negative': 0.05108587, 'positive': 0.059598465, 'neutral': 99.88931}"
야권,1,positive,"{'negative': 0.029238563, 'positive': 85.61046, 'neutral': 14.360307}"
기후,5,negative,"{'negative': 46.16302, 'positive': 43.215992, 'neutral': 10.620987}"
공약,3,negative,"{'negative': 99.98169, 'positive': 0.006518841, 'neutral': 0.011788038}"
목소리,2,neutral,"{'negative': 0.06444244, 'positive': 0.053868458, 'neutral': 99.88169}"
일정,1,neutral,"{'negative': 0.018731663, 'positive': 0.01816207, 'neutral': 99.963104}"
발굴,1,neutral,"{'negative': 0.017016368, 'positive': 0.26702848, 'neutral': 99.71596}"
년도,1,neutral,"{'negative': 0.016120479, 'positive': 0.050729644, 'neutral': 99.93315}"
부산,4,neutral,"{'negative': 0.049314223, 'positive': 0.06916456, 'neutral': 99.88152}"
경계,1,neutral,"{'negative': 1.5380223, 'positive': 0.14206146, 'neutral': 98.319916}"
자유통일,2,negative,"{'negative': 99.981995, 'positive': 0.008213105, 'neutral': 0.009791878}"
보수,1,negative,"{'negative': 99.97916, 'positive': 0.0070092855, 'neutral': 0.013833886}"
기재부,2,neutral,"{'negative': 0.054416254, 'positive': 0.41340646, 'neutral': 99.53218}"
기회,3,neutral,"{'negative': 0.12202914, 'positive': 0.13843508, 'neutral': 99.73953}"
소통,1,positive,"{'negative': 0.013594321, 'positive': 99.95825, 'neutral': 0.028150287}"
기관,1,neutral,"{'negative': 0.11283375, 'positive': 0.10396076, 'neutral': 99.7832}"
사해,1,negative,"{'negative': 99.96466, 'positive': 0.0040576267, 'neutral': 0.03128047}"
공정,1,neutral,"{'negative': 0.28663558, 'positive': 0.23137137, 'neutral': 99.481995}"
개선,2,positive,"{'negative': 0.013648374, 'positive': 99.96885, 'neutral': 0.017501913}"
갤러리,1,neutral,"{'negative': 0.028135542, 'positive': 0.05544164, 'neutral': 99.91642}"
행사,2,positive,"{'negative': 0.013266675, 'positive': 99.81843, 'neutral': 0.16830422}"
과일,1,neutral,"{'negative': 0.1306961, 'positive': 2.8136852, 'neutral': 97.05562}"
대신,2,neutral,"{'negative': 0.054915562, 'positive': 0.13024342, 'neutral': 99.81484}"
보금자리,1,neutral,"{'negative': 0.015113457, 'positive': 0.113584206, 'neutral': 99.8713}"
순환,1,positive,"{'negative': 0.034907565, 'positive': 94.58647, 'neutral': 5.378622}"
가치,3,positive,"{'negative': 0.023662236, 'positive': 99.93443, 'neutral': 0.041906793}"
프로젝트,1,neutral,"{'negative': 0.02402595, 'positive': 0.039964695, 'neutral': 99.93601}"
커플,1,neutral,"{'negative': 0.3003186, 'positive': 0.051810514, 'neutral': 99.64787}"
건강,2,positive,"{'negative': 0.0052714953, 'positive': 99.978195, 'neutral': 0.016533848}"
생각,1,neutral,"{'negative': 0.051525347, 'positive': 0.05479668, 'neutral': 99.89368}"
금천구,1,positive,"{'negative': 0.031060778, 'positive': 99.9499, 'neutral': 0.019042227}"
레이더,5,neutral,"{'negative': 0.05821058, 'positive': 0.220953, 'neutral': 99.72083}"
대진표,1,neutral,"{'negative': 0.06692584, 'positive': 0.06724231, 'neutral': 99.86583}"
나은,2,neutral,"{'negative': 0.1293578, 'positive': 9.256658, 'neutral': 90.61398}"
단신,1,neutral,"{'negative': 0.038172033, 'positive': 0.03539588, 'neutral': 99.92643}"
여성,2,negative,"{'negative': 99.967995, 'positive': 0.008474956, 'neutral': 0.023528403}"
최선,1,neutral,"{'negative': 0.1473239, 'positive': 38.21276, 'neutral': 61.639915}"
총리,2,neutral,"{'negative': 0.11773899, 'positive': 4.639507, 'neutral': 95.24275}"
건의,1,neutral,"{'negative': 0.09799673, 'positive': 0.06184834, 'neutral': 99.84016}"
발표,3,neutral,"{'negative': 0.05216355, 'positive': 0.13983874, 'neutral': 99.808}"
뿌리,1,negative,"{'negative': 81.5481, 'positive': 0.10260426, 'neutral': 18.34929}"
소멸,3,negative,"{'negative': 99.972206, 'positive': 0.010862385, 'neutral': 0.016928686}"
주목,1,neutral,"{'negative': 0.14525054, 'positive': 2.0913281, 'neutral': 97.76342}"
빛과,1,positive,"{'negative': 0.011714362, 'positive': 99.98209, 'neutral': 0.006191796}"
달성,3,neutral,"{'negative': 0.088665, 'positive': 0.440581, 'neutral': 99.47076}"
시나리오,2,neutral,"{'negative': 0.07334536, 'positive': 0.044399157, 'neutral': 99.882256}"
본부장,1,neutral,"{'negative': 0.052865688, 'positive': 0.029372362, 'neutral': 99.91776}"
인터뷰,5,neutral,"{'negative': 0.16625038, 'positive': 0.017183512, 'neutral': 99.81657}"
채용,1,neutral,"{'negative': 0.07803917, 'positive': 4.2086067, 'neutral': 95.713356}"
하이난성,3,neutral,"{'negative': 0.103040785, 'positive': 2.6950765, 'neutral': 97.20188}"
하이난성,3,neutral,"{'negative': 0.045878187, 'positive': 0.026688233, 'neutral': 99.92744}"
발족,1,neutral,"{'negative': 0.08246294, 'positive': 0.019589681, 'neutral': 99.89795}"
동남아시아,1,neutral,"{'negative': 0.056265656, 'positive': 0.082364455, 'neutral': 99.86137}"
활발,2,positive,"{'negative': 0.021734325, 'positive': 99.859215, 'neutral': 0.11905408}"
예비,2,positive,"{'negative': 0.012362656, 'positive': 85.68653, 'neutral': 14.301109}"
예비,2,neutral,"{'negative': 0.21459681, 'positive': 2.4856184, 'neutral': 97.29978}"
도민,3,neutral,"{'negative': 0.32461482, 'positive': 14.429741, 'neutral': 85.24564}"
이상순,1,negative,"{'negative': 99.96806, 'positive': 0.004925263, 'neutral': 0.027010718}"
직접,4,neutral,"{'negative': 0.06275719, 'positive': 0.060750116, 'neutral': 99.876495}"
항로,1,negative,"{'negative': 50.04245, 'positive': 48.700848, 'neutral': 1.2567014}"
경남,1,neutral,"{'negative': 0.037967943, 'positive': 1.0208483, 'neutral': 98.941185}"
시엠립,1,neutral,"{'negative': 0.05747886, 'positive': 0.39367726, 'neutral': 99.54884}"
아시아,3,negative,"{'negative': 76.366974, 'positive': 4.9296465, 'neutral': 18.703382}"
아시아,3,neutral,"{'negative': 0.06856149, 'positive': 0.08652933, 'neutral': 99.84491}"
트램,2,neutral,"{'negative': 0.08760415, 'positive': 0.3905513, 'neutral': 99.52184}"
기지,1,neutral,"{'negative': 0.14416906, 'positive': 2.1369264, 'neutral': 97.7189}"
걸음,1,neutral,"{'negative': 0.05236046, 'positive': 0.47775716, 'neutral': 99.46988}"
문턱,1,positive,"{'negative': 0.011370418, 'positive': 99.907036, 'neutral': 0.08159584}"
반대,1,positive,"{'negative': 0.029058058, 'positive': 99.86864, 'neutral': 0.10230105}"
속도,3,neutral,"{'negative': 0.02191538, 'positive': 0.10021089, 'neutral': 99.87788}"
속도,3,neutral,"{'negative': 0.024998087, 'positive': 0.15399943, 'neutral': 99.821}"
굳이,1,neutral,"{'negative': 0.20784242, 'positive': 0.057320848, 'neutral': 99.73484}"
봉툿값,1,negative,"{'negative': 85.70235, 'positive': 0.012231481, 'neutral': 14.28542}"
다행,1,positive,"{'negative': 49.898754, 'positive': 49.939045, 'neutral': 0.16220254}"
광철,1,neutral,"{'negative': 35.994568, 'positive': 0.090307154, 'neutral': 63.915127}"
향상,1,positive,"{'negative': 0.027728098, 'positive': 99.95808, 'neutral': 0.014195133}"
레저,2,neutral,"{'negative': 0.040109325, 'positive': 0.1613288, 'neutral': 99.79856}"
사활,1,neutral,"{'negative': 0.0599623, 'positive': 0.10583127, 'neutral': 99.834206}"
대통령,2,neutral,"{'negative': 0.101374626, 'positive': 0.023161864, 'neutral': 99.875465}"
안간힘,1,neutral,"{'negative': 5.667846, 'positive': 0.20532015, 'neutral': 94.12683}"
뉴스,2,negative,"{'negative': 83.81912, 'positive': 0.012319395, 'neutral': 16.16856}"
기념,1,neutral,"{'negative': 0.071499094, 'positive': 0.032767575, 'neutral': 99.89574}"
명품,1,neutral,"{'negative': 0.3552759, 'positive': 1.5077256, 'neutral': 98.137}"
거주,1,positive,"{'negative': 0.5371888, 'positive': 94.934135, 'neutral': 4.528673}"
사무실,1,neutral,"{'negative': 0.14849307, 'positive': 0.022552384, 'neutral': 99.82896}"
논란,5,negative,"{'negative': 99.98104, 'positive': 0.008279462, 'neutral': 0.010679409}"
국회의원,1,negative,"{'negative': 99.95963, 'positive': 0.010192227, 'neutral': 0.030175496}"
동성,1,positive,"{'negative': 0.02154514, 'positive': 99.957344, 'neutral': 0.021114463}"
논의,7,neutral,"{'negative': 0.052650455, 'positive': 0.06015941, 'neutral': 99.88719}"
명장,2,positive,"{'negative': 0.011159158, 'positive': 99.96377, 'neutral': 0.025071079}"
기술자,1,positive,"{'negative': 0.026785774, 'positive': 99.41157, 'neutral': 0.56164604}"
예상,1,negative,"{'negative': 99.98043, 'positive': 0.009412807, 'neutral': 0.010155439}"
악취,1,negative,"{'negative': 99.9568, 'positive': 0.011071615, 'neutral': 0.032127604}"
가속,1,positive,"{'negative': 0.011985563, 'positive': 99.96381, 'neutral': 0.024201935}"
기여,1,positive,"{'negative': 0.01654768, 'positive': 99.92666, 'neutral': 0.056791455}"
활짝,1,neutral,"{'negative': 0.11328562, 'positive': 0.5833989, 'neutral': 99.303314}"
도심,1,negative,"{'negative': 84.09148, 'positive': 0.039566696, 'neutral': 15.8689575}"
사회,3,neutral,"{'negative': 0.087611735, 'positive': 0.08746869, 'neutral': 99.82492}"
나우,1,neutral,"{'negative': 0.24319836, 'positive': 2.4097705, 'neutral': 97.34703}"
조달,3,neutral,"{'negative': 0.03441705, 'positive': 0.05428, 'neutral': 99.9113}"
체포,1,negative,"{'negative': 99.95996, 'positive': 0.004500145, 'neutral': 0.03553698}"
상임,2,neutral,"{'negative': 0.05946603, 'positive': 0.029704407, 'neutral': 99.91083}"
상임,2,neutral,"{'negative': 0.05946603, 'positive': 0.029704407, 'neutral': 99.91083}"
전장,1,neutral,"{'negative': 0.02781513, 'positive': 0.0653075, 'neutral': 99.906876}"
국가,3,neutral,"{'negative': 0.08130984, 'positive': 0.431878, 'neutral': 99.48681}"
낙뢰,1,negative,"{'negative': 99.90152, 'positive': 0.059889287, 'neutral': 0.03858748}"
가동,2,neutral,"{'negative': 0.17677501, 'positive': 0.6271427, 'neutral': 99.19608}"
조명,2,neutral,"{'negative': 0.037533697, 'positive': 0.030826729, 'neutral': 99.93164}"
심판,1,negative,"{'negative': 99.93541, 'positive': 0.0043708985, 'neutral': 0.060220286}"
대회,2,positive,"{'negative': 0.0435123, 'positive': 99.94983, 'neutral': 0.0066608614}"
대회,2,neutral,"{'negative': 0.035058327, 'positive': 0.024223104, 'neutral': 99.94072}"
나무,4,negative,"{'negative': 99.96877, 'positive': 0.0069301194, 'neutral': 0.024298731}"
백남준,1,neutral,"{'negative': 0.020964505, 'positive': 0.020387238, 'neutral': 99.95865}"
신안,1,neutral,"{'negative': 0.20644732, 'positive': 0.13218594, 'neutral': 99.66137}"
햇빛,2,negative,"{'negative': 85.6879, 'positive': 0.006591267, 'neutral': 14.305511}"
리조트,4,neutral,"{'negative': 0.002029986, 'positive': 0.00895988, 'neutral': 99.98901}"
교육부,1,neutral,"{'negative': 23.513618, 'positive': 1.8145121, 'neutral': 74.67187}"
참여,1,neutral,"{'negative': 0.026880503, 'positive': 0.023755759, 'neutral': 99.94936}"
번지,1,neutral,"{'negative': 0.045389794, 'positive': 0.17025135, 'neutral': 99.784355}"
분권,1,neutral,"{'negative': 0.03758612, 'positive': 0.7884022, 'neutral': 99.17401}"
물결,1,neutral,"{'negative': 0.07878805, 'positive': 2.0006254, 'neutral': 97.920586}"
극복,3,neutral,"{'negative': 0.09774657, 'positive': 0.7499576, 'neutral': 99.1523}"
연료비,1,positive,"{'negative': 0.040485844, 'positive': 99.88916, 'neutral': 0.070350625}"
설치,4,neutral,"{'negative': 0.030867135, 'positive': 0.29785332, 'neutral': 99.67128}"
설치,4,neutral,"{'negative': 0.018526187, 'positive': 0.027981553, 'neutral': 99.95349}"
갯벌,1,neutral,"{'negative': 0.16056415, 'positive': 17.95409, 'neutral': 81.885345}"
간담,1,neutral,"{'negative': 0.032716624, 'positive': 0.047792163, 'neutral': 99.919495}"
어획,2,positive,"{'negative': 0.024970641, 'positive': 99.96137, 'neutral': 0.013656391}"
추격,1,neutral,"{'negative': 0.18698639, 'positive': 0.050927036, 'neutral': 99.762085}"
한결,1,neutral,"{'negative': 0.11899206, 'positive': 0.14078937, 'neutral': 99.74022}"
전달,1,positive,"{'negative': 0.028304921, 'positive': 85.59669, 'neutral': 14.375009}"
부탁,1,neutral,"{'negative': 0.2453547, 'positive': 0.09685162, 'neutral': 99.65779}"
시행착오,1,neutral,"{'negative': 0.04514306, 'positive': 0.016932135, 'neutral': 99.93793}"
경로당,4,neutral,"{'negative': 0.17023355, 'positive': 11.713525, 'neutral': 88.11624}"
태양광,6,neutral,"{'negative': 0.055756394, 'positive': 0.6426019, 'neutral': 99.30164}"
연합뉴스,1,neutral,"{'negative': 0.02408865, 'positive': 0.017513825, 'neutral': 99.9584}"
도전,5,neutral,"{'negative': 0.08735011, 'positive': 0.05227396, 'neutral': 99.860374}"
도전,5,neutral,"{'negative': 0.0676165, 'positive': 0.2568818, 'neutral': 99.6755}"
생선회,1,negative,"{'negative': 99.97545, 'positive': 0.0078041065, 'neutral': 0.016743753}"
특별,1,neutral,"{'negative': 0.052634478, 'positive': 0.0362057, 'neutral': 99.91116}"
특혜,2,negative,"{'negative': 99.9828, 'positive': 0.006047688, 'neutral': 0.011145189}"
자치권,1,neutral,"{'negative': 0.14374268, 'positive': 0.034313906, 'neutral': 99.821945}"
발상,1,neutral,"{'negative': 0.19306062, 'positive': 3.9413764, 'neutral': 95.86556}"
어젠다,1,neutral,"{'negative': 0.098683685, 'positive': 0.030419115, 'neutral': 99.870895}"
자원,2,neutral,"{'negative': 0.08294082, 'positive': 1.7210724, 'neutral': 98.195984}"
지방정부,2,neutral,"{'negative': 0.09842555, 'positive': 4.62559, 'neutral': 95.275986}"
번영,2,positive,"{'negative': 0.021563478, 'positive': 99.86724, 'neutral': 0.11119554}"
번영,2,positive,"{'negative': 0.02093874, 'positive': 99.85924, 'neutral': 0.119822055}"
남아도,1,negative,"{'negative': 99.98022, 'positive': 0.0061575267, 'neutral': 0.013622588}"
이자,1,positive,"{'negative': 0.021370534, 'positive': 99.870346, 'neutral': 0.10828299}"
기자,2,neutral,"{'negative': 0.04151507, 'positive': 0.7041714, 'neutral': 99.25431}"
밑그림,1,neutral,"{'negative': 0.028095135, 'positive': 0.02167137, 'neutral': 99.95023}"
순직,1,negative,"{'negative': 79.86057, 'positive': 0.06591739, 'neutral': 20.073511}"
우즈벡,1,neutral,"{'negative': 0.024440795, 'positive': 0.023278352, 'neutral': 99.95228}"
신인,1,positive,"{'negative': 0.018055407, 'positive': 99.96684, 'neutral': 0.0151029425}"
우려,1,negative,"{'negative': 99.9818, 'positive': 0.008638489, 'neutral': 0.009561474}"
갈등,1,negative,"{'negative': 99.971016, 'positive': 0.00676539, 'neutral': 0.022215495}"
지법,1,neutral,"{'negative': 0.058213305, 'positive': 0.025468573, 'neutral': 99.91632}"
애월,2,neutral,"{'negative': 0.2207783, 'positive': 2.8625424, 'neutral': 96.91668}"
토레스,1,neutral,"{'negative': 0.04973792, 'positive': 0.05559863, 'neutral': 99.89466}"
대세,1,neutral,"{'negative': 0.016182227, 'positive': 0.029520588, 'neutral': 99.9543}"
주택,4,negative,"{'negative': 99.97274, 'positive': 0.008308015, 'neutral': 0.018953612}"
안정화,1,positive,"{'negative': 0.020966835, 'positive': 99.79672, 'neutral': 0.18230702}"
난리,1,negative,"{'negative': 99.9624, 'positive': 0.006549213, 'neutral': 0.031050373}"
디지털,1,neutral,"{'negative': 0.018710246, 'positive': 0.18348928, 'neutral': 99.7978}"
가격,2,positive,"{'negative': 0.00995304, 'positive': 99.947815, 'neutral': 0.04223542}"
가격,2,negative,"{'negative': 99.96666, 'positive': 0.004720351, 'neutral': 0.028620332}"
가격,2,neutral,"{'negative': 0.14603041, 'positive': 1.9102725, 'neutral': 97.943695}"
가격,2,neutral,"{'negative': 0.2848257, 'positive': 14.227379, 'neutral': 85.48779}"
가격,2,negative,"{'negative': 94.61483, 'positive': 0.013935752, 'neutral': 5.3712325}"
가격,2,neutral,"{'negative': 0.2933067, 'positive': 0.041128647, 'neutral': 99.665565}"
가격,2,neutral,"{'negative': 0.0334546, 'positive': 0.12977184, 'neutral': 99.83678}"
가격,2,neutral,"{'negative': 0.06360202, 'positive': 0.081259675, 'neutral': 99.85514}"
가격,2,negative,"{'negative': 99.27107, 'positive': 0.04541896, 'neutral': 0.68350714}"
가격,2,neutral,"{'negative': 0.07225668, 'positive': 0.11156482, 'neutral': 99.81618}"
가격,2,negative,"{'negative': 99.80953, 'positive': 0.008931035, 'neutral': 0.1815364}"
가격,2,neutral,"{'negative': 0.027933631, 'positive': 0.04880638, 'neutral': 99.92326}"
가격,2,neutral,"{'negative': 2.497675, 'positive': 2.8662992, 'neutral': 94.636024}"
가격,2,neutral,"{'negative': 0.1825162, 'positive': 0.08900551, 'neutral': 99.72848}"
가격,2,neutral,"{'negative': 0.024479676, 'positive': 0.032497395, 'neutral': 99.94302}"
마진,2,neutral,"{'negative': 0.030405795, 'positive': 0.05299621, 'neutral': 99.916595}"
민관공,1,neutral,"{'negative': 0.14776082, 'positive': 0.35047138, 'neutral': 99.50177}"
도부,1,positive,"{'negative': 0.059538975, 'positive': 96.03438, 'neutral': 3.9060848}"
회관,3,positive,"{'negative': 0.022524957, 'positive': 85.68837, 'neutral': 14.289104}"
일자리,1,positive,"{'negative': 0.026600685, 'positive': 83.811295, 'neutral': 16.162102}"
예산,2,neutral,"{'negative': 0.060746267, 'positive': 0.051417112, 'neutral': 99.88784}"
이사장,1,neutral,"{'negative': 0.15689166, 'positive': 0.024267586, 'neutral': 99.81884}"
경북,1,neutral,"{'negative': 0.04216297, 'positive': 0.2453675, 'neutral': 99.71247}"
투어,3,neutral,"{'negative': 0.02765483, 'positive': 0.13570046, 'neutral': 99.83665}"
주도,2,neutral,"{'negative': 0.12428528, 'positive': 0.05067409, 'neutral': 99.82504}"
대화,1,neutral,"{'negative': 0.30339873, 'positive': 0.06691752, 'neutral': 99.629684}"
추가,2,neutral,"{'negative': 0.06623501, 'positive': 0.10468679, 'neutral': 99.82908}"
뒷받침,1,neutral,"{'negative': 0.4344414, 'positive': 48.618855, 'neutral': 50.946705}"
투입,2,neutral,"{'negative': 0.09334027, 'positive': 2.0727534, 'neutral': 97.83391}"
만발,1,neutral,"{'negative': 0.029449383, 'positive': 0.26201245, 'neutral': 99.70854}"
촉구,1,neutral,"{'negative': 0.34925798, 'positive': 0.10053273, 'neutral': 99.55021}"
효과,2,neutral,"{'negative': 0.3187418, 'positive': 2.33678, 'neutral': 97.344475}"
성공,1,positive,"{'negative': 0.023300942, 'positive': 99.95986, 'neutral': 0.016837705}"
중동,1,positive,"{'negative': 0.023199495, 'positive': 99.94255, 'neutral': 0.034248903}"
업그레이드,1,neutral,"{'negative': 0.04323224, 'positive': 2.0601785, 'neutral': 97.89659}"
판교,2,neutral,"{'negative': 0.021145184, 'positive': 0.023075325, 'neutral': 99.95578}"
비조,1,neutral,"{'negative': 0.18516387, 'positive': 0.11661177, 'neutral': 99.69823}"
연구,1,neutral,"{'negative': 0.042719927, 'positive': 0.028138032, 'neutral': 99.929146}"
경쟁,2,neutral,"{'negative': 0.1478393, 'positive': 0.20997307, 'neutral': 99.64219}"
대한민국,2,neutral,"{'negative': 0.030375509, 'positive': 0.04578569, 'neutral': 99.923836}"
대한민국,2,neutral,"{'negative': 0.02955602, 'positive': 0.02475069, 'neutral': 99.945694}"
공장,1,neutral,"{'negative': 0.08222495, 'positive': 0.01863704, 'neutral': 99.89914}"
공감,2,negative,"{'negative': 85.578674, 'positive': 0.016274728, 'neutral': 14.405048}"
나라,2,neutral,"{'negative': 0.04763702, 'positive': 0.039854944, 'neutral': 99.912506}"
원자로,1,neutral,"{'negative': 0.21839897, 'positive': 0.44768393, 'neutral': 99.333916}"
더힐,1,neutral,"{'negative': 0.04390554, 'positive': 0.06983682, 'neutral': 99.88626}"
기름값,3,neutral,"{'negative': 0.10273706, 'positive': 0.035554513, 'neutral': 99.86171}"
무상,1,neutral,"{'negative': 0.28923488, 'positive': 17.860388, 'neutral': 81.85038}"
나눔,2,positive,"{'negative': 0.021991057, 'positive': 99.96472, 'neutral': 0.01328359}"
나눔,2,positive,"{'negative': 0.021155784, 'positive': 99.856125, 'neutral': 0.12272155}"
대창,1,neutral,"{'negative': 0.0372426, 'positive': 0.24155876, 'neutral': 99.7212}"
돌파,1,neutral,"{'negative': 0.048115563, 'positive': 0.5444886, 'neutral': 99.407394}"
폐막,1,neutral,"{'negative': 0.028330494, 'positive': 0.024523847, 'neutral': 99.94714}"
발짝,1,neutral,"{'negative': 0.063989066, 'positive': 0.30369505, 'neutral': 99.63232}"
돌부처,1,neutral,"{'negative': 0.06472305, 'positive': 1.6067927, 'neutral': 98.32848}"
국선,1,neutral,"{'negative': 0.35425887, 'positive': 2.027382, 'neutral': 97.61836}"
차원,1,neutral,"{'negative': 0.23676975, 'positive': 0.25267306, 'neutral': 99.51056}"
성공예감,1,neutral,"{'negative': 0.0132172275, 'positive': 0.0100951195, 'neutral': 99.976685}"
서민,1,neutral,"{'negative': 0.378699, 'positive': 17.44575, 'neutral': 82.17555}"
해답,1,neutral,"{'negative': 0.09583883, 'positive': 0.02865726, 'neutral': 99.8755}"
버려진,1,negative,"{'negative': 85.61799, 'positive': 0.013837784, 'neutral': 14.3681755}"
골퍼,1,neutral,"{'negative': 0.14657952, 'positive': 4.8331966, 'neutral': 95.020226}"
복판,1,neutral,"{'negative': 0.08838909, 'positive': 0.6163922, 'neutral': 99.29522}"
금지,1,neutral,"{'negative': 0.101774916, 'positive': 0.04309517, 'neutral': 99.85513}"
앙코르왓,1,neutral,"{'negative': 0.07299832, 'positive': 0.068968095, 'neutral': 99.85803}"
개설,3,positive,"{'negative': 0.0458513, 'positive': 99.50589, 'neutral': 0.44826165}"
단계,2,neutral,"{'negative': 0.08331586, 'positive': 0.14095806, 'neutral': 99.77573}"
자락,1,neutral,"{'negative': 0.2886311, 'positive': 0.03775515, 'neutral': 99.673615}"
장기,1,neutral,"{'negative': 0.035398953, 'positive': 0.77288604, 'neutral': 99.19171}"
기용,1,negative,"{'negative': 99.88399, 'positive': 0.0031352397, 'neutral': 0.1128807}"
기적,1,positive,"{'negative': 0.026334137, 'positive': 99.9525, 'neutral': 0.021166235}"
메모리,1,neutral,"{'negative': 0.0424454, 'positive': 0.06962509, 'neutral': 99.88793}"
기보,1,neutral,"{'negative': 0.028038522, 'positive': 0.038899645, 'neutral': 99.93306}"
세미나,3,neutral,"{'negative': 0.038148303, 'positive': 0.022331411, 'neutral': 99.93952}"
균형발전,2,positive,"{'negative': 0.021235676, 'positive': 99.78446, 'neutral': 0.19430289}"
구성,1,neutral,"{'negative': 0.038900483, 'positive': 0.20890002, 'neutral': 99.7522}"
비용,1,positive,"{'negative': 0.034710202, 'positive': 99.741615, 'neutral': 0.22367506}"
실천,1,neutral,"{'negative': 0.059736084, 'positive': 1.810803, 'neutral': 98.12946}"
사전,1,neutral,"{'negative': 0.08678096, 'positive': 0.039367888, 'neutral': 99.87385}"
건립,1,negative,"{'negative': 99.85528, 'positive': 0.0044887927, 'neutral': 0.1402297}"
소로,1,neutral,"{'negative': 0.059354823, 'positive': 0.13445057, 'neutral': 99.8062}"
카드,1,neutral,"{'negative': 0.17552601, 'positive': 0.023798816, 'neutral': 99.800674}"
확장,1,neutral,"{'negative': 0.038343165, 'positive': 0.5137331, 'neutral': 99.44792}"
원년,1,positive,"{'negative': 0.02922407, 'positive': 85.6279, 'neutral': 14.342874}"
완공,1,neutral,"{'negative': 0.03973563, 'positive': 0.16929157, 'neutral': 99.79097}"
청사진,1,neutral,"{'negative': 0.039145872, 'positive': 0.031862084, 'neutral': 99.92899}"
평균,1,negative,"{'negative': 99.22843, 'positive': 0.3339991, 'neutral': 0.43756676}"
봄철,1,neutral,"{'negative': 0.45135227, 'positive': 4.13851, 'neutral': 95.41014}"
전문가,2,negative,"{'negative': 85.69499, 'positive': 0.02386865, 'neutral': 14.2811365}"
검증,1,neutral,"{'negative': 0.07604107, 'positive': 0.13958311, 'neutral': 99.78438}"
풀이,1,neutral,"{'negative': 0.0033328955, 'positive': 0.0009827601, 'neutral': 99.99568}"
산둥성,2,neutral,"{'negative': 0.042995114, 'positive': 0.34129313, 'neutral': 99.615715}"
농업,1,neutral,"{'negative': 0.05292665, 'positive': 0.26554903, 'neutral': 99.681526}"
아야,1,neutral,"{'negative': 0.085669845, 'positive': 0.102400735, 'neutral': 99.81193}"
케네디,1,neutral,"{'negative': 0.06464784, 'positive': 0.043762695, 'neutral': 99.89159}"
롱안,1,neutral,"{'negative': 0.057924867, 'positive': 0.47712559, 'neutral': 99.46495}"
다이버,1,neutral,"{'negative': 0.042837683, 'positive': 0.19851722, 'neutral': 99.758644}"
항해,1,neutral,"{'negative': 0.042869072, 'positive': 0.08058341, 'neutral': 99.87655}"
스토리텔링,1,neutral,"{'negative': 0.01858867, 'positive': 0.030794187, 'neutral': 99.950615}"
되레,1,positive,"{'negative': 0.10089022, 'positive': 85.582726, 'neutral': 14.316382}"
인조,1,negative,"{'negative': 99.79984, 'positive': 0.0092528, 'neutral': 0.19090752}"
스포,1,neutral,"{'negative': 0.05022624, 'positive': 0.03602696, 'neutral': 99.91375}"
충북,1,neutral,"{'negative': 0.03216817, 'positive': 0.35994244, 'neutral': 99.60789}"
작년,1,neutral,"{'negative': 0.043092966, 'positive': 0.05518626, 'neutral': 99.90172}"
라이드,1,neutral,"{'negative': 0.059354536, 'positive': 0.09066092, 'neutral': 99.84998}"
글쎄요,1,negative,"{'negative': 85.70523, 'positive': 0.035592906, 'neutral': 14.259179}"
동시,1,negative,"{'negative': 99.97979, 'positive': 0.005712009, 'neutral': 0.014500655}"
누리집,1,neutral,"{'negative': 0.020246673, 'positive': 0.0203449, 'neutral': 99.95941}"
울릉도,1,neutral,"{'negative': 0.0437458, 'positive': 0.029492276, 'neutral': 99.926765}"
돌파구,1,neutral,"{'negative': 0.068422526, 'positive': 0.034912392, 'neutral': 99.89667}"
기후변화,1,neutral,"{'negative': 0.018124063, 'positive': 0.019681346, 'neutral': 99.9622}"
아세안,1,neutral,"{'negative': 0.057513736, 'positive': 0.066708766, 'neutral': 99.87578}"
원탁,1,neutral,"{'negative': 0.044214398, 'positive': 0.034291964, 'neutral': 99.92149}"